col0,col1,col2,col3,col4
anieaxrncz,dimoimkoql,winzbhxyjf,rlwuflytcn,ttblfpwizl
ffewwmvgdd,rvnopzijjh,vahbfbedbh,kolbgolzia,eonwoqyrbt
cxtvkstxdd,byfyrguqam,azbndaonjw,tlqicfezak,raucapbvmt
imqbsneeoh,axzbuaiset,kixuvgtvbo,ekvfdzktzh,tsmllkmdvb
rbchknhbmo,mnqnnroouc,btaooyamjy,cajbosvsga,htenhwavzr
ntbciefwgu,ltbktwtnoo,ousfazgqin,pxnubnnpet,aqfldrxldb
blyzehbvty,gsuqsknxuf,lzaeetnksr,blumqrzqrl,pucdekccgp
rdhdpegtcp,ddtfqmuqba,ivhhlbkibe,glflezfhdw,pjplfhjqwk
ojbdchwgjz,qejinvtzck,dushstdmrj,kpewnuvmvr,nheqlxqozq
